Joker Name,Rarity
Mr. Bones,Common
Joker Stencil,Common
Painted Deck,Common
Joker,Legendary
Balatro,Common
Greedy Joker,Common
Lusty Joker,Common
Wrathful Joker,Common
Gluttonous Joker,Common
Jolly Joker,Common
Zany Joker,Common
Mad Joker,Common
Crazy Joker,Common
Droll Joker,Common
Sly Joker,Common
Wily Joker,Common
Clever Joker,Common
Devious Joker,Common
Crafty Joker,Common
Half Joker,Common
Four Fingers,Common
Mime,Common
Credit Card,Common
Ceremonial Dagger,Common
Banner,Common
Mystic Summit,Common
Marble Joker,Common
Loyalty Card,Common
8 Ball,Common
Misprint,Rare
Dusk,Common
Raised Fist,Common
Chaos the Clown,Common
Fibonacci,Common
Steel Joker,Common
Scary Face,Common
Abstract Joker,Common
Delayed Gratification,Common
Hack,Uncommon
Pareidolia,Common
Gros Michel,Common
Even Steven,Common
Odd Todd,Common
Scholar,Common
Business Card,Common
Supernova,Common
Ride the Bus,Common
Space Joker,Common
Egg,Rare
Burglar,Common
Blackboard,Common
Runner,Common
Ice Cream,Common
DNA,Common
Splash,Common
Blue Joker,Common
Sixth Sense,Common
Constellation,Common
Hiker,Uncommon
Faceless Joker,Common
Green Joker,Common
Superposition,Common
To Do List,Common
Cavendish,Common
Card Sharp,Common
Red Card,Common
Madness,Common
Square Joker,Common
SÃ©ance,Common
Riff-Raff,Common
Vampire,Common
Shortcut,Common
Hologram,Common
Vagabond,Common
Baron,Common
Cloud 9,Common
Rocket,Common
Obelisk,Common
Midas Mask,Legendary
Luchador,Common
Photograph,Common
Gift Card,Common
Turtle Bean,Common
Erosion,Rare
Reserved Parking,Common
Mail-In Rebate,Common
To the Moon,Common
Hallucination,Common
Fortune Teller,Common
Juggler,Common
Drunkard,Common
Stone Joker,Common
Golden Joker,Common
Lucky Cat,Common
Baseball Card,Common
Bull,Common
Diet Cola,Common
Trading Card,Common
Flash Card,Common
Popcorn,Common
Spare Trousers,Common
Ancient Joker,Common
Ramen,Common
Walkie Talkie,Common
Seltzer,Common
Castle,Common
Smiley Face,Common
Campfire,Common
Golden Ticket,Common
Acrobat,Common
Sock and Buskin,Common
Swashbuckler,Common
Troubadour,Common
Certificate,Common
Smeared Joker,Common
Throwback,Common
Hanging Chad,Common
Rough Gem,Common
Bloodstone,Common
Arrowhead,Common
Onyx Agate,Common
Glass Joker,Common
Showman,Common
Flower Pot,Common
Blueprint,Uncommon
Wee Joker,Common
Merry Andy,Common
Oops! All 6s,Common
The Idol,Common
Seeing Double,Common
Matador,Common
Hit the Road,Common
The Duo,Common
The Trio,Common
The Family,Common
The Order,Common
The Tribe,Common
Stuntman,Common
Invisible Joker,Common
Brainstorm,Rare
Satellite,Common
Shoot the Moon,Common
Driver's License,Common
Cartomancer,Common
Astronomer,Legendary
Burnt Joker,Common
Bootstraps,Common
Canio,Legendary
Triboulet,Legendary
Yorick,Legendary
Chicot,Legendary
Perkeo,Legendary
unused Joker,Common
